POS	CHROM	REF	ALT	Depth	Alt Depth	AC	Proportion Depth	QUAL
158	pncA	C	G	2	2	1	1.0	57.8561
2	gyrA	C	T	25	15	1	0.6	149.173
3	gyrA	A	T	28	3	0	0.11	0.0
7	gyrA	GCA	GA	52	3	0	0.06	3.28521e-15
136	gyrA	G	C	58	4	0	0.07	5.42434e-15
300	gyrA	G	T	77	38	0	0.49	0.0
359	gyrA	G	C	25130	1379	0	0.05	6.78887e-12
